{"cameraMode":{"drawMode":0,"name":"Shaded","section":"Shading Mode"},"sceneLighting":true,"audioPlay":false,"sceneViewState":{"m_AlwaysRefresh":false,"showFog":true,"showSkybox":true,"showFlares":true,"showImageEffects":true,"showParticleSystems":true,"showVisualEffectGraphs":true,"m_FxEnabled":true},"in2DMode":false,"pivot":{"x":-0.6534666419029236,"y":3.3535332679748537,"z":4.803287029266357},"rotation":{"x":-0.002058924874290824,"y":-0.9974851608276367,"z":0.06292487680912018,"w":-0.032633084803819659},"size":2.3967385292053224,"orthographic":false}