{"cameraMode":{"drawMode":0,"name":"Shaded","section":"Shading Mode"},"sceneLighting":true,"audioPlay":false,"sceneViewState":{"m_AlwaysRefresh":false,"showFog":true,"showSkybox":true,"showFlares":true,"showImageEffects":true,"showParticleSystems":true,"showVisualEffectGraphs":true,"m_FxEnabled":true},"in2DMode":false,"pivot":{"x":0.789380669593811,"y":-0.13025765120983125,"z":-0.5950541496276856},"rotation":{"x":-0.11909826844930649,"y":0.8669353127479553,"z":-0.24864405393600465,"w":-0.41525495052337649},"size":3.774766683578491,"orthographic":false}